{
  "accuracy": 0.9615207642815363,
  "precision": 0.9285185185185185,
  "recall": 0.7993410564353278,
  "f1": 0.8591010337540693
}