{
  "accuracy": 0.969397543380776,
  "precision": 0.9672501100836636,
  "recall": 0.9278247096092925,
  "f1": 0.9471273040853724
}